Occupation (SOC code),Employment(1),Hourly 10th percentile wage,Hourly median wage,Hourly 90th percentile wage,Annual 10th percentile wage(2),Annual 90th percentile wage(2),"Employment per 1,000 jobs"
All Occupations(000000),2553370,8.72,17.94,47.33,18130,98440,1000
Management Occupations(110000),166550,23.45,51.61,-,48770,-,65.228
Chief Executives(111011),4890,50.33,-,-,104690,-,1.915
General and Operations Managers(111021),60130,21.08,49.87,-,43850,-,23.549
Legislators(111031),850,-,-,-,16030,42550,0.333
Advertising and Promotions Managers(112011),660,21.6,47.67,99.75,44920,207490,0.257
Marketing Managers(112021),6270,35.02,61.15,99.73,72850,207430,2.454
Sales Managers(112022),11860,28.22,58.3,-,58690,-,4.646
Public Relations and Fundraising Managers(112031),1240,31.14,50.59,92.27,64760,191930,0.487
Administrative Services Managers(113011),6200,20.16,41.82,78.29,41930,162850,2.427
Computer and Information Systems Managers(113021),10620,39.91,63.68,97.1,83020,201970,4.158
Financial Managers(113031),12730,35.14,64.58,-,73090,-,4.986
Industrial Production Managers(113051),2500,27.08,43.68,72.56,56330,150930,0.978
Purchasing Managers(113061),1310,33.39,55.12,85.37,69460,177580,0.512
"Transportation, Storage, and Distribution Managers(113071)",2970,26.41,47.25,77.54,54930,161290,1.162
Compensation and Benefits Managers(113111),390,35.27,62.13,-,73360,-,0.152
Human Resources Managers(113121),3870,31.68,50.99,97.27,65900,202310,1.515
Training and Development Managers(113131),950,28.17,53.48,85.53,58590,177900,0.37
Construction Managers(119021),4190,26.74,46.74,78.24,55620,162730,1.64
"Education Administrators, Preschool and Childcare Center/Program(119031)",1190,12.22,17.47,37.29,25420,77550,0.465
"Education Administrators, Elementary and Secondary School(119032)",4570,-,-,-,65880,126700,1.791
"Education Administrators, Postsecondary(119033)",1420,27.51,43.25,81.98,57230,170520,0.556
"Education Administrators, All Other(119039)",-,24.7,39.34,58.94,51370,122600,-
Architectural and Engineering Managers(119041),3250,41.4,62.25,93.67,86110,194830,1.273
Food Service Managers(119051),4750,11.86,21.18,35.16,24670,73140,1.858
Funeral Service Managers(119061),140,22.83,35.06,76.57,47490,159250,0.056
Lodging Managers(119081),340,20.53,30.73,62,42700,128960,0.133
Medical and Health Services Managers(119111),3990,24.46,46.63,94.64,50880,196860,1.564
Natural Sciences Managers(119121),770,28.97,50.94,78.21,60260,162670,0.301
Postmasters and Mail Superintendents(119131),120,30.7,37.81,46.61,63850,96960,0.046
"Property, Real Estate, and Community Association Managers(119141)",3780,19.59,32.68,86.51,40740,179930,1.481
Social and Community Service Managers(119151),1270,19.96,32.02,50.06,41510,104130,0.498
Emergency Management Directors(119161),160,24.26,37.78,71.9,50460,149540,0.061
"Managers, All Other(119199)",8510,31.31,53.52,85.54,65120,177920,3.334
Business and Financial Operations Occupations(130000),167020,17,31.25,57.9,35360,120440,65.413
"Agents and Business Managers of Artists, Performers, and Athletes(131011)",170,13.46,26.61,68.82,27990,143150,0.068
"Buyers and Purchasing Agents, Farm Products(131021)",290,20.53,30.12,58.31,42710,121280,0.113
"Wholesale and Retail Buyers, Except Farm Products(131022)",1920,14.67,28.78,55.27,30520,114960,0.752
"Purchasing Agents, Except Wholesale, Retail, and Farm Products(131023)",5150,19.03,29.91,47.69,39570,99190,2.016
"Claims Adjusters, Examiners, and Investigators(131031)",5970,17.4,28,44.82,36200,93230,2.339
"Insurance Appraisers, Auto Damage(131032)",360,21.34,31.37,47.93,44400,99690,0.143
Compliance Officers(131041),5080,15.61,28.08,48.22,32470,100290,1.991
Cost Estimators(131051),3850,15.96,29.19,48.53,33200,100940,1.506
Human Resources Specialists(131071),12680,15.59,27.23,48.7,32420,101300,4.964
Labor Relations Specialists(131075),-,21.32,36.79,60.37,44350,125560,-
Logisticians(131081),2350,18.75,31.65,51.89,39010,107940,0.922
Management Analysts(131111),18360,20.82,40.51,74.9,43300,155800,7.19
"Meeting, Convention, and Event Planners(131121)",1880,12.98,24,38.33,27000,79730,0.735
Fundraisers(131131),-,8.05,19.63,36.09,16730,75070,-
"Compensation, Benefits, and Job Analysis Specialists(131141)",2270,16.47,31.17,50.68,34250,105410,0.887
Training and Development Specialists(131151),6630,15.81,29.04,48.76,32880,101420,2.596
Market Research Analysts and Marketing Specialists(131161),15950,14.84,28.42,51.07,30860,106220,6.246
"Business Operations Specialists, All Other(131199)",23360,17.89,31.7,55.03,37210,114470,9.149
Accountants and Auditors(132011),27500,21.23,34.26,59.47,44160,123690,10.77
Appraisers and Assessors of Real Estate(132021),1780,12.23,25.09,42.79,25440,89010,0.697
Budget Analysts(132031),900,20.3,34.85,51.23,42220,106570,0.353
Credit Analysts(132041),1250,18.78,29.48,55.96,39050,116410,0.491
Financial Analysts(132051),5800,22.66,35.87,58.44,47140,121560,2.272
Personal Financial Advisors(132052),4430,19.16,45.47,-,39850,-,1.735
Insurance Underwriters(132053),5640,15.52,30.65,63.09,32290,131230,2.207
Financial Examiners(132061),600,16.61,38.9,78.57,34540,163420,0.234
Credit Counselors(132071),170,14.58,19.87,33.36,30330,69380,0.068
Loan Officers(132072),4620,15.67,29.65,78.72,32600,163730,1.81
"Tax Examiners and Collectors, and Revenue Agents(132081)",1440,14.71,24.82,40.47,30600,84180,0.562
Tax Preparers(132082),2150,8.67,18.69,36.7,18040,76340,0.841
"Financial Specialists, All Other(132099)",3060,16.78,31.84,60.99,34910,126860,1.2
Computer and Mathematical Occupations(150000),114580,20.86,40.42,65.2,43400,135620,44.874
Computer and Information Research Scientists(151111),440,26.89,53.32,77.28,55930,160740,0.171
Computer Systems Analysts(151121),14000,22.97,41.68,72,47790,149770,5.482
Information Security Analysts(151122),1860,27.04,43.86,64.44,56250,134030,0.73
Computer Programmers(151131),7480,25.13,39.96,62.39,52260,129770,2.931
"Software Developers, Applications(151132)",22690,25.93,46.72,73.85,53930,153600,8.888
"Software Developers, Systems Software(151133)",11830,29,46.59,66.25,60320,137800,4.632
Web Developers(151134),2290,20.09,36.93,59.98,41790,124760,0.899
Database Administrators(151141),4320,26.24,42.06,61.62,54570,128180,1.691
Network and Computer Systems Administrators(151142),9080,25.16,42.35,66.65,52330,138620,3.554
Computer Network Architects(151143),4690,35.95,55.95,78.5,74780,163270,1.835
Computer User Support Specialists(151151),18070,13.54,24.5,44.54,28160,92640,7.077
Computer Network Support Specialists(151152),6260,19.85,34.63,53.58,41280,111450,2.453
"Computer Occupations, All Other(151199)",8790,23.32,42.16,65.1,48500,135410,3.444
Actuaries(152011),210,28.51,48.72,86.37,59290,179660,0.083
Operations Research Analysts(152031),1970,19.12,27.72,47.42,39780,98630,0.772
Statisticians(152041),570,25.33,43.98,60.23,52690,125270,0.223
Architecture and Engineering Occupations(170000),41020,19.5,35.69,60.93,40560,126730,16.064
"Architects, Except Landscape and Naval(171011)",2020,24.75,41.65,79.19,51490,164720,0.792
Landscape Architects(171012),810,21.66,35.05,47.06,45050,97890,0.318
Cartographers and Photogrammetrists(171021),90,17.94,24.81,56.42,37310,117350,0.037
Surveyors(171022),640,16.23,26.59,41.29,33760,85880,0.252
Aerospace Engineers(172011),910,34.69,55.88,74.39,72150,154720,0.355
Biomedical Engineers(172031),260,19.09,30.68,69.01,39700,143540,0.103
Chemical Engineers(172041),330,19,44.97,74.05,39520,154030,0.13
Civil Engineers(172051),7070,22.44,38.49,72.87,46680,151570,2.769
Computer Hardware Engineers(172061),1230,20.98,45.34,62.82,43640,130670,0.481
Electrical Engineers(172071),2920,27.04,42.27,60.6,56230,126050,1.143
"Electronics Engineers, Except Computer(172072)",4170,29.5,44.13,61.62,61370,128180,1.634
Environmental Engineers(172081),1290,17.39,29.79,53.78,36180,111850,0.504
"Health and Safety Engineers, Except Mining Safety Engineers and Inspectors(172111)",710,22.38,37.66,58.35,46550,121370,0.278
Industrial Engineers(172112),3390,25.55,37.75,59.55,53150,123860,1.329
Materials Engineers(172131),200,21.43,33.04,60.17,44570,125150,0.078
Mechanical Engineers(172141),2580,26.16,38.53,60.2,54410,125210,1.011
Petroleum Engineers(172171),40,26.91,36.04,72.67,55980,151160,0.015
"Engineers, All Other(172199)",1920,25.07,42.96,67.58,52140,140570,0.753
Architectural and Civil Drafters(173011),2160,16.24,25.64,37.57,33790,78150,0.847
Electrical and Electronics Drafters(173012),310,20.5,29.98,49.63,42640,103240,0.123
Mechanical Drafters(173013),660,15.25,25.6,38.67,31710,80440,0.257
"Drafters, All Other(173019)",100,14.45,22.42,36.29,30060,75480,0.038
Civil Engineering Technicians(173022),1240,13.77,21.67,37.08,28630,77120,0.486
Electrical and Electronics Engineering Technicians(173023),2640,14.37,27.72,39.28,29890,81690,1.035
Electro-Mechanical Technicians(173024),120,19.43,31.37,38.17,40410,79400,0.045
Environmental Engineering Technicians(173025),510,13.24,18.29,30.44,27540,63320,0.202
Industrial Engineering Technicians(173026),300,16.93,25,42.21,35220,87790,0.116
Mechanical Engineering Technicians(173027),400,18.04,26.82,38,37520,79040,0.155
"Engineering Technicians, Except Drafters, All Other(173029)",690,17.96,29.9,45.76,37350,95170,0.271
Surveying and Mapping Technicians(173031),1020,12.02,19.49,30.48,25000,63390,0.4
"Life, Physical, and Social Science Occupations(190000)",12760,15.73,28.26,50.95,32710,105970,4.996
Food Scientists and Technologists(191012),590,18.84,27.81,42.38,39190,88160,0.232
Soil and Plant Scientists(191013),70,16.41,24.28,44.81,34130,93210,0.028
Biochemists and Biophysicists(191021),-,17.02,23.14,37.83,35390,78700,-
Microbiologists(191022),590,17.44,42.45,61.87,36280,128700,0.23
Zoologists and Wildlife Biologists(191023),50,19.89,28.34,52.36,41370,108920,0.021
"Biological Scientists, All Other(191029)",530,21.89,35.74,44.04,45530,91600,0.207
Conservation Scientists(191031),260,18.3,27.89,47.03,38060,97810,0.101
Foresters(191032),40,19.77,23.56,45.91,41120,95500,0.016
Epidemiologists(191041),190,17.98,30.04,47.5,37400,98810,0.074
Physicists(192012),50,43.77,70.57,96.49,91040,200710,0.018
Atmospheric and Space Scientists(192021),70,32.99,52.36,66.63,68620,138600,0.027
Chemists(192031),740,21.05,41.65,60.2,43790,125220,0.291
"Environmental Scientists and Specialists, Including Health(192041)",890,17.22,29.15,49.51,35820,102990,0.349
"Geoscientists, Except Hydrologists and Geographers(192042)",210,20.64,29.24,45.3,42930,94230,0.082
Hydrologists(192043),40,33.76,46.41,55.19,70220,114800,0.014
"Physical Scientists, All Other(192099)",260,27.76,50.95,63.29,57750,131640,0.102
Economists(193011),340,31.75,49.54,70.15,66030,145910,0.134
Survey Researchers(193022),90,-,-,-,-,-,0.036
"Clinical, Counseling, and School Psychologists(193031)",1360,20.43,32.95,70.19,42490,146000,0.531
"Psychologists, All Other(193039)",170,20.69,45.29,55.19,43030,114800,0.065
Urban and Regional Planners(193051),300,19.83,26.07,43.31,41240,90090,0.117
Anthropologists and Archeologists(193091),-,20.44,33.41,53.03,42520,110310,-
Historians(193093),-,19.67,28.05,37.48,40910,77960,-
"Social Scientists and Related Workers, All Other(193099)",380,15.6,33.23,49.54,32440,103040,0.147
Agricultural and Food Science Technicians(194011),-,10.87,15.5,28.32,22610,58910,-
Biological Technicians(194021),420,17.94,24.31,37.33,37310,77640,0.164
Chemical Technicians(194031),580,13.22,19.33,29.68,27510,61730,0.227
Social Science Research Assistants(194061),310,15.49,22.19,35.92,32210,74710,0.119
"Environmental Science and Protection Technicians, Including Health(194091)",420,13.03,23.29,34.76,27090,72300,0.164
Forensic Science Technicians(194092),370,13.57,22.36,35.24,28230,73300,0.144
"Life, Physical, and Social Science Technicians, All Other(194099)",940,14.95,23.23,43.05,31090,89540,0.369
Community and Social Service Occupations(210000),24950,11.55,20.83,39.23,24020,81590,9.771
Substance Abuse and Behavioral Disorder Counselors(211011),550,10.63,20.25,32.38,22110,67350,0.216
"Educational, Guidance, School, and Vocational Counselors(211012)",5780,15.32,26.3,40.35,31870,83920,2.265
Marriage and Family Therapists(211013),190,10.9,27.69,36.51,22660,75930,0.076
Mental Health Counselors(211014),1130,14.68,22.7,30.8,30540,64070,0.444
Rehabilitation Counselors(211015),560,12.52,18.32,34.97,26030,72750,0.218
"Counselors, All Other(211019)",-,8.39,14.38,22.68,17450,47170,-
"Child, Family, and School Social Workers(211021)",3140,12.51,17.93,28.61,26020,59500,1.23
Healthcare Social Workers(211022),2330,16.29,24.4,37.31,33880,77600,0.912
Mental Health and Substance Abuse Social Workers(211023),630,12.49,17.83,27.5,25980,57200,0.247
"Social Workers, All Other(211029)",650,10.74,29.25,40.47,22340,84170,0.255
Health Educators(211091),2580,19.62,39.76,58.53,40820,121740,1.01
Probation Officers and Correctional Treatment Specialists(211092),980,14.29,17.97,24.86,29720,51710,0.383
Social and Human Service Assistants(211093),3050,8.75,13.57,22.41,18200,46600,1.194
Community Health Workers(211094),690,12.95,17.49,28.75,26940,59800,0.272
"Community and Social Service Specialists, All Other(211099)",910,9.2,14.77,24.33,19130,50600,0.356
Clergy(212011),330,13.77,23.11,35.71,28640,74270,0.13
"Directors, Religious Activities and Education(212021)",350,11.08,18.1,42.56,23040,88530,0.136
"Religious Workers, All Other(212099)",-,7.9,9.39,24.12,16430,50170,-
Legal Occupations(230000),22310,19.35,37.99,-,40260,-,8.738
Lawyers(231011),13160,26.76,57.86,-,55660,-,5.154
Judicial Law Clerks(231012),390,20.74,27.35,36.42,43140,75750,0.154
"Administrative Law Judges, Adjudicators, and Hearing Officers(231021)",390,16.86,25.48,74.03,35070,153980,0.154
"Arbitrators, Mediators, and Conciliators(231022)",140,17.49,25.84,60.64,36380,126120,0.056
"Judges, Magistrate Judges, and Magistrates(231023)",620,25.46,52.27,79.83,52960,166050,0.243
Paralegals and Legal Assistants(232011),6390,16.2,24.29,40.33,33700,83880,2.504
Court Reporters(232091),-,10.46,20.2,30.17,21760,62750,-
"Title Examiners, Abstractors, and Searchers(232093)",190,16.02,22.09,36.09,33310,75060,0.074
"Legal Support Workers, All Other(232099)",500,19.16,26.75,50.36,39850,104750,0.196
"Education, Training, and Library Occupations(250000)",145470,9.28,22.77,37.29,19300,77560,56.972
"Business Teachers, Postsecondary(251011)",1470,-,-,-,40690,126890,0.576
"Computer Science Teachers, Postsecondary(251021)",320,-,-,-,31460,123400,0.124
"Mathematical Science Teachers, Postsecondary(251022)",590,-,-,-,41180,117450,0.232
"Architecture Teachers, Postsecondary(251031)",100,-,-,-,39340,120810,0.04
"Engineering Teachers, Postsecondary(251032)",1240,-,-,-,40860,150040,0.484
"Biological Science Teachers, Postsecondary(251042)",470,-,-,-,-,-,0.185
"Chemistry Teachers, Postsecondary(251052)",350,-,-,-,35230,104200,0.137
"Physics Teachers, Postsecondary(251054)",120,-,-,-,44100,121700,0.049
"Economics Teachers, Postsecondary(251063)",160,-,-,-,47800,132320,0.064
"Political Science Teachers, Postsecondary(251065)",180,-,-,-,41280,102310,0.072
"Psychology Teachers, Postsecondary(251066)",440,-,-,-,28350,105670,0.171
"Sociology Teachers, Postsecondary(251067)",80,-,-,-,50360,96200,0.03
"Social Sciences Teachers, Postsecondary, All Other(251069)",130,-,-,-,36100,99620,0.049
"Nursing Instructors and Teachers, Postsecondary(251072)",480,-,-,-,38600,98530,0.187
"Education Teachers, Postsecondary(251081)",1300,-,-,-,34040,88860,0.508
"Criminal Justice and Law Enforcement Teachers, Postsecondary(251111)",80,-,-,-,43860,82050,0.033
"Social Work Teachers, Postsecondary(251113)",-,-,-,-,41990,79910,-
"Art, Drama, and Music Teachers, Postsecondary(251121)",480,-,-,-,23360,97050,0.189
"Communications Teachers, Postsecondary(251122)",180,-,-,-,41040,78640,0.072
"English Language and Literature Teachers, Postsecondary(251123)",590,-,-,-,34570,82150,0.231
"Foreign Language and Literature Teachers, Postsecondary(251124)",540,-,-,-,19280,80520,0.21
"History Teachers, Postsecondary(251125)",180,-,-,-,43260,97680,0.072
"Philosophy and Religion Teachers, Postsecondary(251126)",160,-,-,-,30340,108900,0.065
"Vocational Education Teachers, Postsecondary(251194)",1820,11.81,22.72,30.56,24560,63560,0.713
"Postsecondary Teachers, All Other(251199)",2410,-,-,-,32890,99690,0.945
"Preschool Teachers, Except Special Education(252011)",8860,9.15,13.57,20.96,19020,43600,3.469
"Kindergarten Teachers, Except Special Education(252012)",3370,-,-,-,28880,76290,1.321
"Elementary School Teachers, Except Special Education(252021)",29310,-,-,-,37190,77240,11.479
"Middle School Teachers, Except Special and Career/Technical Education(252022)",16090,-,-,-,40710,77670,6.301
"Career/Technical Education Teachers, Middle School(252023)",-,-,-,-,43680,90820,-
"Secondary School Teachers, Except Special and Career/Technical Education(252031)",14680,-,-,-,39960,79140,5.75
"Career/Technical Education Teachers, Secondary School(252032)",650,-,-,-,35400,76640,0.256
"Special Education Teachers, Preschool(252051)",360,-,-,-,33420,75870,0.14
"Special Education Teachers, Kindergarten and Elementary School(252052)",4250,-,-,-,35820,73940,1.663
"Special Education Teachers, Middle School(252053)",2630,-,-,-,40580,75620,1.028
"Special Education Teachers, Secondary School(252054)",1140,-,-,-,42600,80190,0.448
"Special Education Teachers, All Other(252059)",180,-,-,-,52080,97520,0.072
Adult Basic and Secondary Education and Literacy Teachers and Instructors(253011),870,12.56,18.86,32.67,26120,67960,0.342
Self-Enrichment Education Teachers(253021),3950,9.1,17.18,30.93,18920,64340,1.548
"Teachers and Instructors, All Other, Except Substitute Teachers(253097)",3860,-,-,-,18880,71150,1.511
Substitute Teachers(253098),7580,8.28,10.71,15.51,17220,32270,2.969
Archivists(254011),50,16.82,23.65,44.28,34980,92100,0.019
Curators(254012),110,15.25,23.47,37.27,31730,77510,0.043
Museum Technicians and Conservators(254013),100,13.64,20.46,32.76,28370,68150,0.037
Librarians(254021),1740,18.67,27.66,37.81,38830,78630,0.683
Library Technicians(254031),890,9.02,15.19,22.13,18760,46040,0.348
Audio-Visual and Multimedia Collections Specialists(259011),330,18.17,33.66,42.72,37800,88870,0.129
Instructional Coordinators(259031),3220,11.67,24.23,41.59,24260,86500,1.26
Teacher Assistants(259041),18380,-,-,-,16380,30790,7.197
"Education, Training, and Library Workers, All Other(259099)",320,15.03,19.9,37.81,31270,78640,0.126
"Arts, Design, Entertainment, Sports, and Media Occupations(270000)",36470,10.38,22.33,43.6,21590,90690,14.283
Art Directors(271011),420,25.53,40,75.77,53110,157610,0.165
Craft Artists(271012),110,8.92,20.32,40.18,18550,83580,0.044
"Fine Artists, Including Painters, Sculptors, and Illustrators(271013)",190,7.89,26.54,51.12,16420,106320,0.073
Multimedia Artists and Animators(271014),1260,18.03,24.48,37.13,37500,77230,0.492
"Artists and Related Workers, All Other(271019)",370,17.09,42.85,55.19,35540,114800,0.146
Commercial and Industrial Designers(271021),500,19.64,31.07,48.35,40860,100560,0.197
Fashion Designers(271022),110,-,-,-,-,-,0.042
Floral Designers(271023),580,9.89,13.17,17.14,20580,35640,0.226
Graphic Designers(271024),4880,14.19,24.16,39.25,29510,81640,1.912
Interior Designers(271025),1430,13.33,25.01,39.74,27730,82650,0.561
Merchandise Displayers and Window Trimmers(271026),4130,9.7,11.92,22.37,20190,46520,1.617
Set and Exhibit Designers(271027),430,10.71,25.29,44.12,22280,91780,0.168
"Designers, All Other(271029)",110,19.38,35.02,58.41,40320,121490,0.045
Actors(272011),610,9.77,11.82,18.21,-,-,0.241
Producers and Directors(272012),3660,16.64,29.59,66.51,34600,138350,1.435
Athletes and Sports Competitors(272021),110,-,-,-,19510,46480,0.042
Coaches and Scouts(272022),3150,-,-,-,17700,76730,1.235
"Umpires, Referees, and Other Sports Officials(272023)",100,-,-,-,16570,48470,0.039
Choreographers(272032),30,-,-,-,-,-,0.012
Music Directors and Composers(272041),240,16.38,29.89,49.32,34080,102580,0.095
Musicians and Singers(272042),490,8.07,15.8,47.08,-,-,0.19
"Entertainers and Performers, Sports and Related Workers, All Other(272099)",50,8.54,14.65,36.02,-,-,0.02
Radio and Television Announcers(273011),320,8.86,20.68,86.79,18430,180530,0.125
Public Address System and Other Announcers(273012),110,-,-,-,-,-,0.044
Broadcast News Analysts(273021),-,15.86,21.97,60.59,33000,126020,-
Reporters and Correspondents(273022),570,11.77,28.31,49.25,24490,102440,0.223
Public Relations Specialists(273031),3770,15.22,26.53,46.23,31650,96160,1.478
Editors(273041),1490,10.53,21.06,44.06,21900,91650,0.582
Technical Writers(273042),710,20.09,34.77,48.57,41780,101020,0.277
Writers and Authors(273043),570,12.56,26.93,58.86,26130,122430,0.223
Interpreters and Translators(273091),590,11.11,21.88,39.49,23100,82140,0.233
"Media and Communication Workers, All Other(273099)",380,13.88,22.69,37.5,28870,78000,0.147
Audio and Video Equipment Technicians(274011),1390,12.3,20.44,30.71,25590,63890,0.545
Broadcast Technicians(274012),570,10.26,23.52,38.26,21350,79580,0.225
Sound Engineering Technicians(274014),470,8.46,16.22,42.92,17590,89270,0.183
Photographers(274021),940,11.04,17.86,34.94,22950,72670,0.368
"Camera Operators, Television, Video, and Motion Picture(274031)",280,10.22,18.21,35.02,21260,72850,0.111
Film and Video Editors(274032),-,14.83,25.1,44.36,30840,92260,-
"Media and Communication Equipment Workers, All Other(274099)",90,23.8,39.2,52.01,49500,108170,0.036
Healthcare Practitioners and Technical Occupations(290000),128200,14.63,30.64,64.54,30440,134240,50.208
Chiropractors(291011),680,11.03,29.47,96.83,22940,201410,0.264
"Dentists, General(291021)",1530,33.73,60,-,70170,-,0.598
"Dentists, All Other Specialists(291029)",-,76.7,-,-,159540,-,-
Dietitians and Nutritionists(291031),840,16.97,26.93,38.5,35300,80090,0.33
Optometrists(291041),600,18.86,39.15,78.99,39240,164300,0.237
Pharmacists(291051),5210,40.06,56.99,73,83320,151840,2.039
Anesthesiologists(291061),-,63.6,-,-,132290,-,-
Family and General Practitioners(291062),1800,37.47,99,-,77950,-,0.704
"Internists, General(291063)",1290,29.65,-,-,61680,-,0.504
Obstetricians and Gynecologists(291064),410,62.25,-,-,129480,-,0.159
"Pediatricians, General(291065)",640,43.8,82.07,-,91110,-,0.25
Psychiatrists(291066),190,40.45,-,-,84130,-,0.074
Surgeons(291067),650,65.21,-,-,135650,-,0.256
"Physicians and Surgeons, All Other(291069)",5700,64.35,-,-,133850,-,2.233
Physician Assistants(291071),2300,37.01,48.69,67.26,76980,139890,0.901
Podiatrists(291081),150,23.3,65.16,-,48460,-,0.059
Occupational Therapists(291122),1640,27.09,40.92,50.16,56350,104330,0.644
Physical Therapists(291123),2840,31.7,40.78,56.39,65940,117290,1.113
Radiation Therapists(291124),370,27.76,37.31,62.34,57750,129680,0.146
Recreational Therapists(291125),230,15.25,21.71,29.48,31720,61310,0.092
Respiratory Therapists(291126),1850,20.76,27.5,35.53,43170,73890,0.724
Speech-Language Pathologists(291127),2070,22.83,35.09,48.75,47500,101400,0.81
Exercise Physiologists(291128),110,15.84,20.86,26.51,32950,55140,0.043
"Therapists, All Other(291129)",230,16.45,28.46,54.88,34220,114140,0.088
Veterinarians(291131),1050,23.86,39.25,56.19,49620,116880,0.411
Registered Nurses(291141),39460,24.04,32.81,42.15,50000,87660,15.456
Nurse Anesthetists(291151),-,40.32,48.63,87.41,83870,181820,-
Nurse Midwives(291161),240,35.55,47.52,59.55,73950,123860,0.095
Nurse Practitioners(291171),2120,33.55,46.18,61.87,69780,128680,0.831
Audiologists(291181),380,24.79,34.26,49.67,51570,103310,0.147
"Health Diagnosing and Treating Practitioners, All Other(291199)",1960,30.78,50.17,68.85,64020,143200,0.767
Medical and Clinical Laboratory Technologists(292011),2650,19.66,28.73,38.07,40900,79190,1.037
Medical and Clinical Laboratory Technicians(292012),3110,12.51,16.82,25.84,26020,53740,1.217
Dental Hygienists(292021),3490,25.98,34.38,40.07,54040,83350,1.369
Cardiovascular Technologists and Technicians(292031),970,13.71,26.33,37.53,28510,78060,0.379
Diagnostic Medical Sonographers(292032),910,24.83,31.31,39.79,51650,82760,0.356
Nuclear Medicine Technologists(292033),240,29.86,36.12,45.61,62100,94880,0.096
Radiologic Technologists(292034),2300,18.37,26,35.1,38210,73010,0.9
Magnetic Resonance Imaging Technologists(292035),660,17.78,31.34,39.68,36970,82530,0.258
Emergency Medical Technicians and Paramedics(292041),3920,10.84,16.06,23.77,22560,49450,1.537
Dietetic Technicians(292051),530,8.75,12.62,18.49,18200,38460,0.206
Pharmacy Technicians(292052),6630,9.8,13.6,20.02,20380,41650,2.596
Psychiatric Technicians(292053),350,10.72,14.51,21.19,22300,44070,0.135
Respiratory Therapy Technicians(292054),230,11.5,20.04,30.72,23930,63900,0.091
Surgical Technologists(292055),1860,15.62,21.11,28.35,32480,58960,0.727
Veterinary Technologists and Technicians(292056),1720,9.47,14.48,18.9,19690,39310,0.675
Ophthalmic Medical Technicians(292057),690,11.09,14.46,19.93,23080,41450,0.269
Licensed Practical and Licensed Vocational Nurses(292061),11940,15.49,20.91,27.06,32230,56280,4.677
Medical Records and Health Information Technicians(292071),3410,12.23,18.38,29.29,25450,60920,1.335
"Opticians, Dispensing(292081)",800,9.88,14.18,23.53,20550,48950,0.314
Orthotists and Prosthetists(292091),120,21.67,41.39,49.25,45080,102440,0.047
Hearing Aid Specialists(292092),-,13.12,27.67,38.37,27280,79800,-
"Health Technologists and Technicians, All Other(292099)",2110,12.63,18.27,31.73,26280,65990,0.828
Occupational Health and Safety Specialists(299011),600,18.09,33.76,48.16,37630,100180,0.233
Occupational Health and Safety Technicians(299012),200,14.53,22.44,36.46,30230,75840,0.078
Athletic Trainers(299091),290,-,-,-,33050,62760,0.115
Genetic Counselors(299092),70,19.65,26.73,43.11,40870,89660,0.028
"Healthcare Practitioners and Technical Workers, All Other(299099)",560,14.98,28.49,49.54,31160,103040,0.22
Healthcare Support Occupations(310000),54340,9.37,13.46,21.45,19480,44620,21.282
Home Health Aides(311011),5090,8.4,10.88,14.29,17470,29710,1.995
Psychiatric Aides(311013),500,9.29,11.83,17.65,19320,36710,0.195
Nursing Assistants(311014),18680,8.84,11.46,16.32,18390,33940,7.315
Orderlies(311015),1760,10.61,14.29,18.6,22070,38690,0.691
Occupational Therapy Assistants(312011),420,24.62,30.74,37.64,51210,78300,0.163
Occupational Therapy Aides(312012),130,10.06,13.04,25.93,20920,53920,0.049
Physical Therapist Assistants(312021),990,13.77,27.66,36.76,28630,76450,0.387
Physical Therapist Aides(312022),310,8.35,10.9,15.34,17360,31900,0.122
Massage Therapists(319011),1900,7.99,15.57,25.95,16620,53980,0.746
Dental Assistants(319091),6340,12.94,18.35,24.76,26910,51490,2.482
Medical Assistants(319092),11570,10.93,15.17,20.72,22740,43100,4.532
Medical Equipment Preparers(319093),640,11.85,16.54,22.52,24660,46850,0.251
Medical Transcriptionists(319094),980,9.04,18,24.35,18800,50650,0.384
Pharmacy Aides(319095),-,9.7,12.92,18.34,20180,38150,-
Veterinary Assistants and Laboratory Animal Caretakers(319096),1340,8.69,11.23,16.89,18070,35130,0.525
Phlebotomists(319097),1920,12,15.59,20.25,24960,42120,0.751
"Healthcare Support Workers, All Other(319099)",1170,10.3,17.38,28.72,21420,59740,0.459
Protective Service Occupations(330000),56580,9.21,17.44,28.8,19150,59900,22.158
First-Line Supervisors of Police and Detectives(331012),1960,21.63,31.99,48.53,44990,100940,0.768
First-Line Supervisors of Fire Fighting and Prevention Workers(331021),850,20.91,30.88,45.55,43490,94750,0.332
"First-Line Supervisors of Protective Service Workers, All Other(331099)",920,16.48,25.36,55.38,34270,115190,0.361
Firefighters(332011),6590,12.85,17.96,25.2,26730,52410,2.579
Fire Inspectors and Investigators(332021),310,19.59,29.8,46.58,40750,96880,0.12
Bailiffs(333011),160,9.63,16.32,23.14,20020,48130,0.065
Correctional Officers and Jailers(333012),4120,12.55,16.58,23.58,26110,49040,1.612
Detectives and Criminal Investigators(333021),1680,17.39,24.23,63.68,36160,132460,0.657
Fish and Game Wardens(333031),80,13.55,20.45,30.05,28180,62500,0.03
Parking Enforcement Workers(333041),150,11.51,17.83,26.74,23950,55610,0.059
Police and Sheriff's Patrol Officers(333051),12840,15.85,21.31,28.51,32960,59310,5.027
Animal Control Workers(339011),200,11.47,14.52,20.63,23860,42920,0.076
Private Detectives and Investigators(339021),770,13.64,19.34,35.32,28370,73460,0.301
Security Guards(339032),19210,8.41,12.84,21.62,17490,44960,7.525
Crossing Guards(339091),470,8.29,11.41,17.49,17240,36370,0.184
"Lifeguards, Ski Patrol, and Other Recreational Protective Service Workers(339092)",2680,7.8,9.01,11.93,16220,24820,1.051
"Protective Service Workers, All Other(339099)",1050,8.38,16.54,31.2,17430,64900,0.412
Food Preparation and Serving Related Occupations(350000),238240,7.78,9.02,14.06,16190,29240,93.305
Chefs and Head Cooks(351011),2870,10.31,16.02,29.64,21440,61650,1.126
First-Line Supervisors of Food Preparation and Serving Workers(351012),15280,8.86,14.83,24.11,18430,50150,5.984
"Cooks, Fast Food(352011)",13920,7.76,8.81,11.41,16140,23730,5.453
"Cooks, Institution and Cafeteria(352012)",7830,8,10.17,15.48,16650,32190,3.066
"Cooks, Restaurant(352014)",19920,8.41,11.17,15.41,17490,32050,7.801
"Cooks, Short Order(352015)",4500,8.07,10.3,14.09,16790,29310,1.761
Food Preparation Workers(352021),17180,7.84,9.27,13.11,16300,27280,6.727
Bartenders(353011),7040,7.72,8.72,12.09,16070,25150,2.755
"Combined Food Preparation and Serving Workers, Including Fast Food(353021)",65430,7.71,8.73,11.44,16040,23790,25.624
"Counter Attendants, Cafeteria, Food Concession, and Coffee Shop(353022)",7000,7.8,8.85,11.81,16220,24570,2.742
Waiters and Waitresses(353031),49890,7.73,8.74,11.89,16080,24740,19.54
"Food Servers, Nonrestaurant(353041)",2410,7.9,9.87,19.14,16430,39800,0.943
Dining Room and Cafeteria Attendants and Bartender Helpers(359011),5510,7.7,8.75,11.74,16010,24410,2.158
Dishwashers(359021),9670,7.78,8.86,11.28,16170,23460,3.788
"Hosts and Hostesses, Restaurant, Lounge, and Coffee Shop(359031)",7960,7.74,8.77,11.17,16110,23240,3.116
"Food Preparation and Serving Related Workers, All Other(359099)",1790,7.52,8.52,10.77,15650,22400,0.702
Building and Grounds Cleaning and Maintenance Occupations(370000),63900,8.27,11.5,18.77,17200,39040,25.026
First-Line Supervisors of Housekeeping and Janitorial Workers(371011),2380,10.98,17.03,24.85,22850,51680,0.931
"First-Line Supervisors of Landscaping, Lawn Service, and Groundskeeping Workers(371012)",2040,15.47,21.73,30.41,32170,63260,0.801
"Janitors and Cleaners, Except Maids and Housekeeping Cleaners(372011)",29210,8.25,10.96,16.74,17150,34810,11.442
Maids and Housekeeping Cleaners(372012),11940,7.84,9.18,12.28,16310,25540,4.674
"Building Cleaning Workers, All Other(372019)",50,8.08,11.4,14.97,16800,31130,0.02
Pest Control Workers(372021),2510,11.15,15.2,22.79,23190,47400,0.983
Landscaping and Groundskeeping Workers(373011),14650,9.29,13.31,18.94,19320,39390,5.736
"Pesticide Handlers, Sprayers, and Applicators, Vegetation(373012)",500,12.48,16.36,22.04,25960,45840,0.196
Tree Trimmers and Pruners(373013),490,11.42,15.65,25.3,23750,52620,0.191
"Grounds Maintenance Workers, All Other(373019)",130,12.49,15.43,23.99,25990,49890,0.052
Personal Care and Service Occupations(390000),56090,8.02,10.34,18.85,16670,39200,21.967
Gaming Supervisors(391011),-,7.92,8.94,18.59,16480,38660,-
First-Line Supervisors of Personal Service Workers(391021),2030,10.48,17.84,35.9,21800,74680,0.795
Animal Trainers(392011),180,9.98,13.72,22.94,20770,47710,0.069
Nonfarm Animal Caretakers(392021),3250,8.22,11.19,18.61,17100,38700,1.274
Motion Picture Projectionists(393021),40,9.96,12.21,14.57,20720,30310,0.014
"Ushers, Lobby Attendants, and Ticket Takers(393031)",2450,7.79,8.86,11.67,16190,24270,0.958
Amusement and Recreation Attendants(393091),4590,7.79,8.89,11.79,16210,24520,1.799
Costume Attendants(393092),120,8.02,10.55,18.41,16680,38290,0.047
"Locker Room, Coatroom, and Dressing Room Attendants(393093)",120,9.03,11.3,14.75,18770,30690,0.047
"Entertainment Attendants and Related Workers, All Other(393099)",210,9.52,12.94,17.35,19800,36080,0.082
Embalmers(394011),90,10.41,24.38,29.65,21640,61670,0.036
Funeral Attendants(394021),570,8.8,11.91,21.49,18310,44690,0.221
"Morticians, Undertakers, and Funeral Directors(394031)",390,12.5,14.94,31.23,26010,64970,0.155
"Hairdressers, Hairstylists, and Cosmetologists(395012)",5850,8.39,11.68,22.17,17440,46120,2.289
"Makeup Artists, Theatrical and Performance(395091)",90,12.88,25.28,50.22,26790,104460,0.034
Manicurists and Pedicurists(395092),-,8.32,10.62,13.23,17310,27520,-
Shampooers(395093),540,7.99,10.05,11.83,16620,24610,0.21
Skincare Specialists(395094),980,8.49,15.62,22.7,17650,47220,0.383
Baggage Porters and Bellhops(396011),650,7.78,9.37,14.75,16180,30680,0.254
Concierges(396012),420,10.53,14.1,18.43,21900,38340,0.163
Tour Guides and Escorts(397011),260,8.86,13.97,23,18440,47830,0.1
Childcare Workers(399011),13050,7.95,9.5,14.04,16540,29200,5.109
Personal Care Aides(399021),11050,7.9,9.63,13.35,16430,27770,4.326
Fitness Trainers and Aerobics Instructors(399031),3010,10.12,20.33,31.74,21040,66010,1.18
Recreation Workers(399032),4320,8.12,11.02,19.09,16900,39710,1.69
Residential Advisors(399041),1170,9.18,12.15,19.3,19100,40150,0.456
"Personal Care and Service Workers, All Other(399099)",120,7.76,10.69,15.43,16150,32100,0.045
Sales and Related Occupations(410000),286430,8.22,13.13,39.56,17100,82290,112.177
First-Line Supervisors of Retail Sales Workers(411011),20930,10.42,18.3,31.17,21680,64830,8.197
First-Line Supervisors of Non-Retail Sales Workers(411012),4020,16.97,31.99,61.19,35290,127290,1.573
Cashiers(412011),59980,7.84,9.12,12.26,16310,25500,23.489
Counter and Rental Clerks(412021),6250,8.48,12.69,22.16,17640,46100,2.447
Parts Salespersons(412022),3480,8.93,14.31,28.46,18570,59190,1.362
Retail Salespersons(412031),85800,8,9.91,19.1,16630,39720,33.604
Advertising Sales Agents(413011),3600,16.03,28.83,93.42,33350,194320,1.41
Insurance Sales Agents(413021),7550,14.3,23.33,76.55,29740,159220,2.956
"Securities, Commodities, and Financial Services Sales Agents(413031)",5560,16.99,33.64,-,35330,-,2.179
Travel Agents(413041),1590,10.36,16.87,28.51,21540,59300,0.624
"Sales Representatives, Services, All Other(413099)",23430,11.59,24.27,56.78,24110,118100,9.175
"Sales Representatives, Wholesale and Manufacturing, Technical and Scientific Products(414011)",8530,19.9,36.91,70.71,41380,147070,3.343
"Sales Representatives, Wholesale and Manufacturing, Except Technical and Scientific Products(414012)",40920,13.33,27,55.23,27730,114880,16.024
Demonstrators and Product Promoters(419011),1590,8.02,9.9,24.23,16690,50390,0.622
Real Estate Brokers(419021),350,26.27,41.8,77.66,54650,161520,0.138
Real Estate Sales Agents(419022),7260,8.99,17.9,37.02,18710,76990,2.844
Sales Engineers(419031),1850,18.11,41.8,76.05,37670,158180,0.726
Telemarketers(419041),3040,9.67,11.16,18.81,20120,39130,1.189
"Sales and Related Workers, All Other(419099)",700,12.08,20.12,36.12,25130,75130,0.275
Office and Administrative Support Occupations(430000),401220,9.77,16.45,28.78,20330,59860,157.134
First-Line Supervisors of Office and Administrative Support Workers(431011),26190,15.95,26.97,45.74,33170,95140,10.256
"Switchboard Operators, Including Answering Service(432011)",2360,9.9,13.39,18.31,20590,38090,0.924
Bill and Account Collectors(433011),9670,11.57,17.65,25.46,24070,52970,3.786
Billing and Posting Clerks(433021),7570,12.82,17.95,26.05,26660,54190,2.965
"Bookkeeping, Accounting, and Auditing Clerks(433031)",26670,11.74,18.95,29.16,24430,60660,10.444
Payroll and Timekeeping Clerks(433051),2850,15.05,22.22,31.15,31310,64790,1.117
Procurement Clerks(433061),570,13.76,20.55,28.13,28620,58520,0.224
Tellers(433071),6340,11.06,14.79,19.49,23010,40530,2.482
"Financial Clerks, All Other(433099)",380,9,19.93,29.98,18720,62360,0.149
Brokerage Clerks(434011),410,15.89,25.27,42.38,33060,88150,0.162
Correspondence Clerks(434021),40,16.77,22.51,28.55,34890,59390,0.015
"Court, Municipal, and License Clerks(434031)",1910,12.46,15.8,23.35,25910,48570,0.749
"Credit Authorizers, Checkers, and Clerks(434041)",280,12.02,16.91,29.74,24990,61870,0.109
Customer Service Representatives(434051),68230,10.01,16.07,27.96,20810,58160,26.721
"Eligibility Interviewers, Government Programs(434061)",2870,12.45,16.24,27.09,25890,56340,1.122
File Clerks(434071),1760,10,14.3,19.99,20790,41580,0.687
"Hotel, Motel, and Resort Desk Clerks(434081)",3380,8,10.09,13.33,16630,27720,1.325
"Interviewers, Except Eligibility and Loan(434111)",2750,9.7,14.01,22.52,20170,46850,1.078
"Library Assistants, Clerical(434121)",1070,8.03,10.86,17.15,16700,35660,0.418
Loan Interviewers and Clerks(434131),3020,9.63,17.6,24.98,20030,51950,1.184
New Accounts Clerks(434141),210,16.27,21.77,27.84,33850,57900,0.084
Order Clerks(434151),2180,9.55,15.72,24.88,19870,51750,0.855
"Human Resources Assistants, Except Payroll and Timekeeping(434161)",2230,11.54,18.62,29.64,24010,61640,0.873
Receptionists and Information Clerks(434171),16820,9.2,14.18,21.34,19140,44380,6.588
"Information and Record Clerks, All Other(434199)",3930,11.86,18.12,26.17,24660,54430,1.538
Cargo and Freight Agents(435011),3280,9.74,19.6,30.82,20260,64100,1.284
Couriers and Messengers(435021),1240,8.89,13.73,18.28,18490,38020,0.484
"Police, Fire, and Ambulance Dispatchers(435031)",1280,12.53,16.44,22.37,26060,46530,0.501
"Dispatchers, Except Police, Fire, and Ambulance(435032)",3280,10.98,16.99,28.58,22840,59440,1.285
"Meter Readers, Utilities(435041)",860,11.27,15.04,24.74,23440,51450,0.339
Postal Service Clerks(435051),1040,18.39,27.31,27.88,38240,57980,0.407
Postal Service Mail Carriers(435052),5370,16.07,28.21,31.19,33430,64870,2.102
"Postal Service Mail Sorters, Processors, and Processing Machine Operators(435053)",2350,15.63,27.3,27.55,32510,57300,0.92
"Production, Planning, and Expediting Clerks(435061)",6390,11.64,22.39,35.27,24200,73360,2.503
"Shipping, Receiving, and Traffic Clerks(435071)",13680,9.97,14.35,21.79,20750,45310,5.358
Stock Clerks and Order Fillers(435081),35260,8.25,11.29,18.26,17170,37980,13.808
"Weighers, Measurers, Checkers, and Samplers, Recordkeeping(435111)",770,9.23,13.24,18.72,19210,38940,0.3
Executive Secretaries and Executive Administrative Assistants(436011),12530,17.04,26.54,39.59,35440,82350,4.909
Legal Secretaries(436012),2830,14.11,20.83,36.81,29340,76560,1.107
Medical Secretaries(436013),6880,11.2,15.67,22.9,23290,47630,2.693
"Secretaries and Administrative Assistants, Except Legal, Medical, and Executive(436014)",34930,11.65,17.4,26.06,24230,54210,13.681
Computer Operators(439011),1420,9.85,16.79,29.7,20480,61780,0.556
Data Entry Keyers(439021),2480,10.48,15.02,21.52,21800,44770,0.971
Word Processors and Typists(439022),-,10.11,16.63,24.57,21030,51110,-
Desktop Publishers(439031),270,18.93,26.49,31.78,39360,66090,0.107
Insurance Claims and Policy Processing Clerks(439041),8470,13.21,18.25,33.57,27480,69820,3.317
"Mail Clerks and Mail Machine Operators, Except Postal Service(439051)",2340,8.53,12.85,18.54,17740,38560,0.915
"Office Clerks, General(439061)",46830,8.65,13.74,22.63,17980,47080,18.339
"Office Machine Operators, Except Computer(439071)",1280,9.98,15.25,22.61,20770,47020,0.501
Proofreaders and Copy Markers(439081),190,9.72,12.42,22.22,20210,46220,0.075
Statistical Assistants(439111),130,11.34,23.54,37.2,23590,77380,0.05
"Office and Administrative Support Workers, All Other(439199)",2560,10,16.54,29.66,20800,61690,1.001
"Farming, Fishing, and Forestry Occupations(450000)",1800,8.67,11.92,22.61,18020,47030,0.704
"First-Line Supervisors of Farming, Fishing, and Forestry Workers(451011)",110,12.74,21.43,31.68,26490,65900,0.044
Agricultural Equipment Operators(452091),40,10.13,15.37,18.4,21070,38260,0.018
"Farmworkers and Laborers, Crop, Nursery, and Greenhouse(452092)",610,8.19,11.31,18.51,17030,38510,0.238
"Farmworkers, Farm, Ranch, and Aquacultural Animals(452093)",90,12.57,14.4,23.3,26150,48460,0.034
"Agricultural Workers, All Other(452099)",50,12.99,19.15,45.3,27030,94230,0.021
Logging Equipment Operators(454022),160,8.46,13.39,19.55,17590,40660,0.063
Construction and Extraction Occupations(470000),81540,11.66,18.47,32.9,24250,68420,31.936
First-Line Supervisors of Construction Trades and Extraction Workers(471011),7760,19.84,29.47,44.68,41270,92940,3.039
Boilermakers(472011),-,18.84,32.33,39.19,39180,81510,-
Brickmasons and Blockmasons(472021),710,12.2,18.26,23.73,25370,49350,0.276
Carpenters(472031),11450,11.26,17.93,36.22,23410,75330,4.483
Carpet Installers(472041),590,12.47,17.65,23.7,25930,49300,0.23
Tile and Marble Setters(472044),290,10.57,18.38,24.74,21980,51460,0.112
Cement Masons and Concrete Finishers(472051),1810,12.42,15.95,22.64,25840,47100,0.71
Construction Laborers(472061),17270,9.74,14.83,27.66,20260,57530,6.763
"Paving, Surfacing, and Tamping Equipment Operators(472071)",630,12.48,15.17,19.85,25960,41290,0.245
Operating Engineers and Other Construction Equipment Operators(472073),5060,13.06,17.45,27.05,27170,56270,1.982
Drywall and Ceiling Tile Installers(472081),1300,14.85,20.24,24.76,30880,51510,0.508
Tapers(472082),-,10.7,17.91,38.01,22250,79070,-
Electricians(472111),10320,15.5,22.24,31.53,32240,65590,4.04
Glaziers(472121),700,14.95,22.07,35.86,31090,74580,0.273
"Insulation Workers, Floor, Ceiling, and Wall(472131)",710,12.48,15.67,25.16,25960,52330,0.277
"Insulation Workers, Mechanical(472132)",670,15.21,20.98,37.94,31640,78910,0.261
"Painters, Construction and Maintenance(472141)",1900,8.51,16.04,23.56,17690,49000,0.745
Pipelayers(472151),920,11.65,18.67,29.38,24230,61100,0.362
"Plumbers, Pipefitters, and Steamfitters(472152)",5700,14.7,22.1,30.74,30570,63930,2.232
Plasterers and Stucco Masons(472161),30,10.3,15.53,18.61,21420,38710,0.014
Reinforcing Iron and Rebar Workers(472171),70,14.16,17.76,29.96,29450,62320,0.026
Roofers(472181),1720,12.82,16.48,27.98,26660,58200,0.672
Sheet Metal Workers(472211),1730,10.49,17.19,31.8,21820,66140,0.678
Structural Iron and Steel Workers(472221),890,13.08,17.59,26.83,27210,55820,0.35
"Helpers--Brickmasons, Blockmasons, Stonemasons, and Tile and Marble Setters(473011)",160,10.56,13.42,15.33,21960,31880,0.063
Helpers--Carpenters(473012),130,10.43,14.29,19.09,21700,39700,0.051
Helpers--Electricians(473013),2110,8.86,12.22,17.95,18440,37340,0.828
"Helpers--Pipelayers, Plumbers, Pipefitters, and Steamfitters(473015)",1290,10.4,14.33,22.12,21620,46010,0.503
Helpers--Roofers(473016),-,10.51,15.1,22.41,21850,46600,-
Construction and Building Inspectors(474011),1300,17.54,24.73,35.93,36480,74740,0.509
Elevator Installers and Repairers(474021),900,21.82,34.18,46.29,45390,96290,0.352
Fence Erectors(474031),-,12.22,16.95,24.28,25420,50510,-
Hazardous Materials Removal Workers(474041),470,13.04,19.43,26.23,27130,54560,0.185
Highway Maintenance Workers(474051),750,10.48,14.73,21.92,21800,45590,0.293
Rail-Track Laying and Maintenance Equipment Operators(474061),-,16.23,21.37,28.85,33760,60020,-
Septic Tank Servicers and Sewer Pipe Cleaners(474071),330,10.88,17.9,26.94,22630,56030,0.128
"Construction and Related Workers, All Other(474099)",-,10.35,13.18,16.69,21530,34710,-
"Earth Drillers, Except Oil and Gas(475021)",230,15.62,18.29,24.21,32490,50360,0.088
Continuous Mining Machine Operators(475041),-,15.53,18.79,24.58,32300,51130,-
Helpers--Extraction Workers(475081),-,8.91,11.99,20.63,18520,42910,-
"Installation, Maintenance, and Repair Occupations(490000)",98050,11.02,20.69,37.38,22930,77740,38.399
"First-Line Supervisors of Mechanics, Installers, and Repairers(491011)",8070,17.51,29.05,49.4,36420,102740,3.16
"Computer, Automated Teller, and Office Machine Repairers(492011)",1560,10.51,17.33,25.39,21860,52810,0.613
"Radio, Cellular, and Tower Equipment Installers and Repairers(492021)",380,18.71,28.18,37.15,38920,77270,0.149
"Telecommunications Equipment Installers and Repairers, Except Line Installers(492022)",6700,14.69,29.38,38.03,30560,79110,2.623
Avionics Technicians(492091),900,22.39,31.28,45.24,46570,94100,0.352
"Electric Motor, Power Tool, and Related Repairers(492092)",220,12.42,16.32,22.41,25840,46610,0.088
"Electrical and Electronics Installers and Repairers, Transportation Equipment(492093)",100,13.73,20.97,24.91,28550,51810,0.038
"Electrical and Electronics Repairers, Commercial and Industrial Equipment(492094)",800,12.41,24.89,37.9,25820,78820,0.313
"Electrical and Electronics Repairers, Powerhouse, Substation, and Relay(492095)",410,26.11,35.35,48.19,54310,100230,0.16
"Electronic Equipment Installers and Repairers, Motor Vehicles(492096)",150,10.12,13.52,22.55,21040,46900,0.06
Electronic Home Entertainment Equipment Installers and Repairers(492097),610,11.17,19.93,26.17,23240,54430,0.24
Security and Fire Alarm Systems Installers(492098),1280,10.02,17.75,27.28,20830,56730,0.502
Aircraft Mechanics and Service Technicians(493011),5720,23.84,39.93,47.85,49590,99530,2.238
Automotive Body and Related Repairers(493021),2940,11.26,23,46.23,23420,96160,1.151
Automotive Service Technicians and Mechanics(493023),12610,9.24,17.45,30.87,19210,64210,4.94
Bus and Truck Mechanics and Diesel Engine Specialists(493031),4340,14.55,21.85,31.07,30270,64630,1.702
Farm Equipment Mechanics and Service Technicians(493041),130,14.94,21.37,29.1,31080,60530,0.051
"Mobile Heavy Equipment Mechanics, Except Engines(493042)",1330,15.04,22.07,31.47,31290,65470,0.523
Rail Car Repairers(493043),310,12.39,20.04,23.89,25770,49690,0.123
Motorcycle Mechanics(493052),150,8.65,21.38,29.51,18000,61390,0.06
Outdoor Power Equipment and Other Small Engine Mechanics(493053),150,13.79,19.15,29.86,28690,62100,0.059
Bicycle Repairers(493091),-,9.4,16.64,20.11,19550,41840,-
Tire Repairers and Changers(493093),1040,9.78,13.39,18.82,20330,39150,0.405
Mechanical Door Repairers(499011),370,16.13,21.78,29.36,33550,61080,0.144
"Control and Valve Installers and Repairers, Except Mechanical Door(499012)",830,15.36,20.74,30.49,31950,63420,0.323
"Heating, Air Conditioning, and Refrigeration Mechanics and Installers(499021)",5950,15.07,21.51,32.14,31340,66840,2.331
Home Appliance Repairers(499031),140,11.13,16.3,26.73,23160,55600,0.056
Industrial Machinery Mechanics(499041),4660,14.73,22.37,33.32,30650,69290,1.824
"Maintenance Workers, Machinery(499043)",1230,8.75,20.47,29.53,18200,61430,0.481
Millwrights(499044),720,15.8,25.15,30.5,32870,63450,0.281
Electrical Power-Line Installers and Repairers(499051),3910,11.52,22.44,36.75,23950,76440,1.53
Telecommunications Line Installers and Repairers(499052),1670,13.15,18.51,29.04,27360,60400,0.655
Camera and Photographic Equipment Repairers(499061),50,11.29,15.95,24.8,23480,51580,0.02
Medical Equipment Repairers(499062),690,14.12,26.75,43.21,29370,89870,0.27
Musical Instrument Repairers and Tuners(499063),-,8.34,12.69,18.66,17350,38810,-
"Precision Instrument and Equipment Repairers, All Other(499069)",-,10.04,24.27,32.73,20880,68080,-
"Maintenance and Repair Workers, General(499071)",22580,9.34,17.13,26.97,19430,56100,8.844
"Coin, Vending, and Amusement Machine Servicers and Repairers(499091)",620,10.64,14.93,21.4,22120,44520,0.244
Locksmiths and Safe Repairers(499094),-,10.28,20.93,29.19,21380,60700,-
"Helpers--Installation, Maintenance, and Repair Workers(499098)",1870,8.35,12.18,18.64,17360,38770,0.731
"Installation, Maintenance, and Repair Workers, All Other(499099)",1800,10.88,16.7,27.58,22620,57370,0.705
Production Occupations(510000),140310,9.07,14.64,25.74,18870,53550,54.952
First-Line Supervisors of Production and Operating Workers(511011),9920,16.09,26.69,40.3,33460,83820,3.887
"Coil Winders, Tapers, and Finishers(512021)",140,15.37,18.92,23.93,31960,49760,0.056
Electrical and Electronic Equipment Assemblers(512022),1950,8.98,14.06,24.33,18680,50620,0.765
Engine and Other Machine Assemblers(512031),170,13.61,21,28.19,28320,58640,0.066
Structural Metal Fabricators and Fitters(512041),680,11.67,17.22,24.67,24270,51310,0.268
Fiberglass Laminators and Fabricators(512091),-,12.3,13.92,16.99,25590,35330,-
Team Assemblers(512092),24420,8.93,12.89,18.7,18580,38900,9.562
"Assemblers and Fabricators, All Other(512099)",2040,8.85,13.01,21.8,18410,45350,0.8
Bakers(513011),3210,8.21,11.23,15.74,17070,32740,1.257
Butchers and Meat Cutters(513021),2410,10.05,13.68,18.63,20910,38760,0.945
"Meat, Poultry, and Fish Cutters and Trimmers(513022)",2330,8.2,9.98,13.86,17050,28840,0.914
Slaughterers and Meat Packers(513023),750,9.07,11.41,14.11,18860,29340,0.295
"Food and Tobacco Roasting, Baking, and Drying Machine Operators and Tenders(513091)",370,10.35,13.29,19.37,21520,40290,0.144
Food Batchmakers(513092),2120,8.25,11.16,22.33,17160,46450,0.831
Food Cooking Machine Operators and Tenders(513093),-,10.35,18.51,24.71,21530,51390,-
"Food Processing Workers, All Other(513099)",500,8.39,10.78,14.37,17450,29880,0.195
"Computer-Controlled Machine Tool Operators, Metal and Plastic(514011)",730,9.88,16.23,23.45,20550,48770,0.286
"Computer Numerically Controlled Machine Tool Programmers, Metal and Plastic(514012)",170,16.88,21.84,28.58,35110,59440,0.068
"Extruding and Drawing Machine Setters, Operators, and Tenders, Metal and Plastic(514021)",1580,10.18,16.88,23.9,21170,49700,0.617
"Forging Machine Setters, Operators, and Tenders, Metal and Plastic(514022)",-,10.69,15.84,22.97,22240,47780,-
"Rolling Machine Setters, Operators, and Tenders, Metal and Plastic(514023)",470,11,17.12,24.53,22870,51030,0.183
"Cutting, Punching, and Press Machine Setters, Operators, and Tenders, Metal and Plastic(514031)",2450,9.49,15.07,20.7,19740,43060,0.961
"Drilling and Boring Machine Tool Setters, Operators, and Tenders, Metal and Plastic(514032)",100,12.62,17.38,23.21,26250,48270,0.039
"Grinding/Lapping/Polishing/Buffing Machine Tool Setters, Operators, and Tenders, Metal and Pla(514033)",540,11.36,16.02,22.04,23630,45830,0.21
"Lathe and Turning Machine Tool Setters, Operators, and Tenders, Metal and Plastic(514034)",550,15.09,19.77,23.84,31380,49590,0.214
"Milling and Planing Machine Setters, Operators, and Tenders, Metal and Plastic(514035)",-,10.6,14.4,23.03,22050,47910,-
Machinists(514041),3460,12.85,18.41,34.54,26720,71840,1.354
"Molding, Coremaking, and Casting Machine Setters, Operators, and Tenders, Metal and Plastic(514072)",2560,10.59,16.7,26.45,22020,55010,1.003
"Multiple Machine Tool Setters, Operators, and Tenders, Metal and Plastic(514081)",820,10.75,14.86,18.81,22360,39110,0.322
Tool and Die Makers(514111),490,12.44,21.47,32.21,25860,66990,0.193
"Welders, Cutters, Solderers, and Brazers(514121)",4550,11.36,17.08,23.86,23630,49630,1.781
"Welding, Soldering, and Brazing Machine Setters, Operators, and Tenders(514122)",370,11.09,16.82,28.38,23070,59020,0.144
"Heat Treating Equipment Setters, Operators, and Tenders, Metal and Plastic(514191)",-,12.09,15.17,28.33,25150,58920,-
"Plating and Coating Machine Setters, Operators, and Tenders, Metal and Plastic(514193)",230,12.73,16.62,22.65,26470,47110,0.092
"Tool Grinders, Filers, and Sharpeners(514194)",30,12.66,17.42,37.15,26340,77280,0.012
"Metal Workers and Plastic Workers, All Other(514199)",170,14.25,19,26.09,29630,54260,0.065
Prepress Technicians and Workers(515111),460,12.8,20.79,29.22,26610,60770,0.181
Printing Press Operators(515112),3820,10.5,17.56,25.27,21840,52560,1.498
Print Binding and Finishing Workers(515113),760,9.87,15.37,23.69,20540,49280,0.297
Laundry and Dry-Cleaning Workers(516011),4090,7.94,9.99,13.27,16520,27590,1.6
"Pressers, Textile, Garment, and Related Materials(516021)",660,8.24,10.41,12.02,17150,24990,0.257
Sewing Machine Operators(516031),2100,8.65,12.75,17.86,18000,37150,0.824
Shoe and Leather Workers and Repairers(516041),-,8.23,10.46,12.09,17120,25140,-
Shoe Machine Operators and Tenders(516042),40,9.77,13.84,21.66,20320,45050,0.016
"Tailors, Dressmakers, and Custom Sewers(516052)",180,9.32,16.99,24.5,19380,50970,0.07
Textile Bleaching and Dyeing Machine Operators and Tenders(516061),440,9.71,16.52,21.16,20190,44020,0.171
"Textile Cutting Machine Setters, Operators, and Tenders(516062)",230,8.83,12.74,17.97,18360,37390,0.091
"Textile Knitting and Weaving Machine Setters, Operators, and Tenders(516063)",630,12.6,16.49,19.33,26210,40200,0.247
"Textile Winding, Twisting, and Drawing Out Machine Setters, Operators, and Tenders(516064)",1360,12.24,15.51,19.08,25460,39690,0.533
"Extruding and Forming Machine Setters, Operators, and Tenders, Synthetic and Glass Fibers(516091)",580,9.31,14.03,21.99,19370,45740,0.228
Upholsterers(516093),360,8.19,12.37,25.23,17040,52470,0.142
"Textile, Apparel, and Furnishings Workers, All Other(516099)",120,10.87,16.55,19.48,22620,40510,0.047
Cabinetmakers and Bench Carpenters(517011),1020,8.68,16.51,26.64,18060,55420,0.401
Furniture Finishers(517021),80,10.21,14.39,20.76,21240,43180,0.032
"Sawing Machine Setters, Operators, and Tenders, Wood(517041)",640,9.11,13.16,21.05,18950,43790,0.252
"Woodworking Machine Setters, Operators, and Tenders, Except Sawing(517042)",1410,9.02,13.04,19.24,18760,40020,0.552
Power Distributors and Dispatchers(518012),210,28.23,39.67,47.79,58710,99400,0.084
Power Plant Operators(518013),420,25.89,34.62,45.31,53860,94250,0.164
Stationary Engineers and Boiler Operators(518021),130,16.12,28.71,37.7,33530,78420,0.051
Water and Wastewater Treatment Plant and System Operators(518031),1130,13.44,19.31,29.14,27960,60620,0.443
Chemical Plant and System Operators(518091),500,19.47,32.2,41.18,40500,85640,0.196
Gas Plant Operators(518092),40,16.99,25.94,37.48,35330,77950,0.014
"Petroleum Pump System Operators, Refinery Operators, and Gaugers(518093)",220,20.27,27.97,41.11,42160,85500,0.085
"Plant and System Operators, All Other(518099)",120,13.45,17.14,26.29,27970,54670,0.048
Chemical Equipment Operators and Tenders(519011),920,12.92,19.32,28.03,26880,58300,0.359
"Separating, Filtering, Clarifying, Precipitating, and Still Machine Setters, Operators, and Te(519012)",250,11.56,18.85,27.81,24040,57850,0.096
"Crushing, Grinding, and Polishing Machine Setters, Operators, and Tenders(519021)",270,10.22,14.89,20.72,21250,43090,0.106
"Grinding and Polishing Workers, Hand(519022)",260,9.55,12.08,17.59,19860,36580,0.1
"Mixing and Blending Machine Setters, Operators, and Tenders(519023)",2320,12.32,17.18,24.59,25620,51150,0.907
"Cutters and Trimmers, Hand(519031)",130,10.09,16.55,34.5,20980,71760,0.052
"Cutting and Slicing Machine Setters, Operators, and Tenders(519032)",1200,10.25,14.29,21.99,21330,45740,0.468
"Extruding, Forming, Pressing, and Compacting Machine Setters, Operators, and Tenders(519041)",1030,9.86,15.05,24.22,20510,50370,0.402
"Furnace, Kiln, Oven, Drier, and Kettle Operators and Tenders(519051)",250,12.52,16.57,22.73,26040,47270,0.1
"Inspectors, Testers, Sorters, Samplers, and Weighers(519061)",7800,9.58,16.25,29.56,19920,61480,3.055
Jewelers and Precious Stone and Metal Workers(519071),290,11.53,21.8,31.14,23970,64770,0.113
Dental Laboratory Technicians(519081),690,11.58,16.91,28.17,24080,58600,0.271
Medical Appliance Technicians(519082),150,11.71,18.05,29.64,24350,61660,0.059
Ophthalmic Laboratory Technicians(519083),360,8.49,12.82,18.75,17670,39000,0.143
Packaging and Filling Machine Operators and Tenders(519111),8870,8.78,13.46,24.58,18270,51120,3.472
"Coating, Painting, and Spraying Machine Setters, Operators, and Tenders(519121)",1150,10.21,14.77,24.25,21240,50440,0.45
"Painters, Transportation Equipment(519122)",710,15.81,24.27,39.17,32890,81470,0.278
"Painting, Coating, and Decorating Workers(519123)",160,10.68,17.9,29.45,22220,61250,0.063
Semiconductor Processors(519141),110,14.27,16.82,18.88,29680,39270,0.043
Photographic Process Workers and Processing Machine Operators(519151),510,9.83,12.68,23.1,20450,48050,0.198
Adhesive Bonding Machine Operators and Tenders(519191),500,10.21,13.17,18.49,21240,38460,0.197
"Cleaning, Washing, and Metal Pickling Equipment Operators and Tenders(519192)",-,8.83,13.5,18.41,18380,38300,-
Cooling and Freezing Equipment Operators and Tenders(519193),90,10.07,13.09,22.65,20950,47120,0.036
Etchers and Engravers(519194),-,8.01,11.34,21.29,16660,44290,-
"Molders, Shapers, and Casters, Except Metal and Plastic(519195)",420,9.76,13.28,22.32,20300,46420,0.165
"Paper Goods Machine Setters, Operators, and Tenders(519196)",1510,8.79,15.83,24.14,18280,50210,0.592
Tire Builders(519197),1460,-,-,-,-,-,0.571
Helpers--Production Workers(519198),6640,8.17,11.5,18.39,16990,38260,2.6
"Production Workers, All Other(519199)",5410,8.1,10.8,18.85,16840,39210,2.12
Transportation and Material Moving Occupations(530000),215540,8.69,14.4,28.1,18070,58440,84.414
Aircraft Cargo Handling Supervisors(531011),530,18.06,40.24,59.46,37560,123670,0.208
"First-Line Supervisors of Helpers, Laborers, and Material Movers, Hand(531021)",5170,12.56,23.03,38.11,26130,79270,2.024
First-Line Supervisors of Transportation and Material-Moving Machine and Vehicle Operators(531031),4030,17.63,27.47,40.6,36680,84440,1.578
"Airline Pilots, Copilots, and Flight Engineers(532011)",6700,-,-,-,52890,129440,2.625
Commercial Pilots(532012),420,-,-,-,35300,-,0.165
Air Traffic Controllers(532021),770,52.04,70.66,85.12,108250,177050,0.302
Airfield Operations Specialists(532022),440,20.47,27.89,38.16,42590,79370,0.172
Flight Attendants(532031),-,-,-,-,32040,62210,-
"Ambulance Drivers and Attendants, Except Emergency Medical Technicians(533011)",-,8.31,11.31,21.88,17280,45510,-
"Bus Drivers, Transit and Intercity(533021)",2720,11.51,15.74,22.99,23950,47810,1.065
"Bus Drivers, School or Special Client(533022)",11520,8.5,15.45,21.97,17690,45700,4.512
Driver/Sales Workers(533031),8250,7.81,9.46,19.02,16250,39560,3.232
Heavy and Tractor-Trailer Truck Drivers(533032),32280,10.88,20.01,29.25,22620,60850,12.643
Light Truck or Delivery Services Drivers(533033),15560,9.33,15.16,31.21,19410,64920,6.096
Taxi Drivers and Chauffeurs(533041),2250,7.8,9.42,16.51,16210,34330,0.88
"Motor Vehicle Operators, All Other(533099)",930,7.84,9.29,21.79,16300,45330,0.364
Parking Lot Attendants(536021),2820,7.74,9.23,13.96,16100,29030,1.105
Automotive and Watercraft Service Attendants(536031),2100,8.06,10.15,14.49,16760,30150,0.824
Traffic Technicians(536041),310,14.29,18.52,27.14,29710,56450,0.121
Transportation Inspectors(536051),1030,8.6,38.63,55.2,17890,114810,0.405
"Transportation Attendants, Except Flight Attendants(536061)",170,7.66,8.63,10.76,15940,22380,0.068
"Transportation Workers, All Other(536099)",1040,8.45,13.46,25.55,17580,53140,0.405
Conveyor Operators and Tenders(537011),270,10.92,16.47,23.15,22700,48150,0.108
Crane and Tower Operators(537021),510,15.45,23.1,31.26,32140,65020,0.199
Excavating and Loading Machine and Dragline Operators(537032),670,14.5,18.43,23.82,30170,49550,0.264
Industrial Truck and Tractor Operators(537051),16620,10.66,14.93,22.23,22170,46250,6.507
Cleaners of Vehicles and Equipment(537061),4600,8,9.66,15.16,16640,31520,1.803
"Laborers and Freight, Stock, and Material Movers, Hand(537062)",68510,8.57,11.79,19.18,17830,39900,26.83
Machine Feeders and Offbearers(537063),1040,9.03,12.67,19.63,18790,40830,0.406
"Packers and Packagers, Hand(537064)",13740,8.05,10.3,18.34,16740,38160,5.38
"Pump Operators, Except Wellhead Pumpers(537072)",80,-,-,-,-,-,0.031
Refuse and Recyclable Material Collectors(537081),1260,11.71,15.57,24.73,24360,51430,0.493
"Tank Car, Truck, and Ship Loaders(537121)",40,9.95,14.52,24.11,20690,50140,0.016
"Material Moving Workers, All Other(537199)",350,-,-,-,-,-,0.138